customer_id,age,tenure_months,monthly_spend,last_interaction_days,churn
8cea5bdc-d151-4995-b2ac-ba164eeed6ce,53,24,265.51,75,0
4ac649e4-936a-499b-bb5a-6cfdb752f237,64,54,241.06,45,1
c2e49a89-cf3b-4e40-a69a-d9582ec29124,38,56,133.53,76,0
30c8e892-9d3e-4c89-b1a0-38f6d6a4c904,20,4,154.49,38,0
9ef46bc3-ff07-4dfe-8a59-1283c5423f2a,22,48,238.69,37,0
a526ce53-228c-4b30-86e3-ac4707c620cb,64,27,205.8,8,0
30decddc-46c6-430e-ad88-8f8cae22eacd,18,59,148.07,8,1
493d47bb-78ae-4348-8cf9-244f4f91a539,52,57,259.34,12,1
a49c1f95-c291-435e-8505-f2584c573a78,57,15,101.66,64,1
d5d0e5a8-7445-444d-ac25-4dc6bb393838,68,13,221.1,13,0
bb720e3b-56be-4839-a49d-90e6d256b16e,46,20,273.05,87,0
1d9292b6-1b67-442c-a4da-62f16fb2e8c4,56,57,83.65,58,0
c469e90a-0c42-4a3e-83a2-b98bc05e7012,20,10,101.28,20,0
2d1b3bf5-d5a4-4e9c-8c0c-9f239e29f5de,21,6,49.9,60,0
f635d4d7-0879-4cd3-a678-f95cb39648ee,61,4,86.96,23,0
d0e04461-e8ff-4c3e-83bb-23f03b84acb2,43,43,211.75,41,1
742b42f7-17c7-45e0-95b1-bcc3edf93075,19,48,81.94,35,1
3b0a3bb9-0b62-470d-ba51-53c5d181cd62,19,46,95.12,25,0
c2a8f03e-9238-415e-80c1-36e2be1b6781,51,41,152.97,64,0
173fb906-99d1-4dc7-a297-3bd449e2b0f5,69,34,189.44,48,1
e2424752-9e17-4c7c-9fd3-82b2347dc5f7,52,52,226.53,68,0
1b09d1a6-8c70-464b-b329-59dc836981d9,49,5,177.95,44,0
b59a9474-e04f-4b36-bb3d-3afc352f4a59,51,3,151.67,85,0
dfacb905-2245-4c89-9587-94ea43a14214,30,7,216.79,85,0
f42c4c24-a60f-4af1-ae22-5c9840fa1ad9,32,23,69.17,67,0
62936fac-3cb9-466d-9618-2e720784c8ce,19,16,254.03,58,0
717cda36-b98c-4a32-8c68-201db728bdae,29,45,288.21,58,0
52e461b8-698a-4b06-b011-69fd534cbc4c,49,17,68.45,21,0
e900a79e-382c-414f-80f7-536007be8a24,68,15,95.81,50,0
6b70e928-8023-46af-a4c7-7a9ff8439074,62,46,267.23,85,1
6b37c80d-fb8f-4dde-9001-e2576fc142c9,54,5,42.85,78,1
520e66d9-9a63-42a8-bbe5-57960a0a05ce,57,15,165.71,27,1
b1a9601a-99f8-412b-bc49-1ab245061863,20,18,119.03,55,0
6abce764-0e8e-48d8-9956-3a0c15d476fe,43,50,177.36,44,1
fe1f43c4-5c34-48bf-8a6e-de12de53aed6,59,46,141.02,71,0
1a5e55bb-42be-4c12-899b-c1ee1c1ca4e1,27,57,61.69,29,0
a946419f-0741-4b68-b5a5-3aedfcb28aba,18,31,178.0,70,0
cc6f004b-e416-4a78-9866-a731b24ef0e6,43,55,236.83,50,0
ad3b7e09-83c9-43cd-86c6-6061f3cd3878,69,57,75.29,58,0
9277ede2-7331-41f9-a3a9-23497411ba8d,69,39,211.55,37,0
d7673e7e-f435-49b6-bb5c-1d745214f6f5,19,31,181.55,87,0
9b51022b-2d54-43fa-8167-6951744bffe9,67,2,253.02,33,0
a4151392-3ad8-4589-91f2-9817e1168b6e,23,3,61.57,28,1
2a85d795-df33-494a-9e28-8bc5945c5e7b,46,20,93.43,84,0
6883e32e-b93b-49ab-8b09-3ae15f33a9e0,56,7,146.67,0,0
db4bff42-3b9b-4f17-a17c-bcf74ea01e67,51,43,299.41,11,0
fcbb7392-755e-4fa4-98aa-264cc6704ddb,22,31,77.03,69,1
d3e9ec7e-f0e9-4114-a976-35f09462502b,27,14,113.23,27,0
f1cde6e3-3820-4633-9503-7dc9c2dec6e9,40,23,266.55,15,0
cab18203-b9a1-4160-b676-38fa99343c3e,57,37,103.44,30,0
8da13211-4025-40be-a03b-ea68ec2027b7,40,33,213.54,58,0
2b116d05-8df4-4264-b013-f9c94ed23a84,58,45,119.44,31,0
26feb319-838d-406f-85c9-cc5fe2b45bee,60,12,287.35,76,1
71e3ed44-3037-4438-bce3-73ce93ec433a,36,16,165.24,52,0
d45de237-c70b-4f50-bf34-6886549aa8eb,19,19,43.97,83,1
218da142-42a9-4815-865d-b0d596958a5b,51,20,210.37,2,1
8fafadfb-8499-4164-b41b-d99fdd00a3d3,39,16,166.6,39,0
053c8856-53fa-4090-8121-b6ab648b901b,50,17,134.51,13,0
c94378de-93b9-46e5-ab31-705a5ba46e16,47,7,137.07,5,0
430d644d-2a79-4318-900c-fda20cafcc37,69,1,83.65,34,1
8e1db264-ad8a-437f-a4a4-ee13b4a08bd8,43,31,278.47,85,0
4f9ef9ef-1680-45bf-9eff-b909b8122afe,64,55,67.16,31,0
24cf8080-2ab8-4115-a687-34754cbab09b,52,42,138.15,84,0
3a7860b0-b4d8-4c9d-bc85-a6cd3fb16f46,30,53,259.44,90,1
68b78075-c107-44eb-8754-a52f4678c635,49,56,171.36,90,0
9067262e-e3ef-4ee2-aead-f273fa1f7fa5,70,21,213.31,61,0
a9f0d19c-880c-4d65-bf5a-e7be723351b9,21,45,61.91,52,1
0f1e5f7e-9223-4250-9361-24f801c0c59e,67,49,70.88,73,0
669c8034-845a-4344-9c9e-1aeda6fe14da,63,33,36.89,39,0
e1b7fc5f-e2b6-4cd0-a868-2ca0fc9c0b7c,70,51,220.02,89,0
88f12955-3058-45a6-b995-106cbea02c1b,42,36,154.41,9,1
0e49f958-f14d-4e5e-b6ea-4123eb42f6e8,31,41,136.34,62,1
dd355f5b-6fda-4bb9-ab5f-1db6f08a3d57,66,32,253.82,80,0
cdbb9381-a785-49fc-9a31-4df20308b3ab,48,15,224.44,44,0
1b5b4e7c-2bc7-4ab8-9704-3665e4113aa9,52,5,144.56,68,0
133218a6-c9cf-433e-b909-3a3b72bba41f,47,40,275.93,46,0
809bc3f6-493a-4f83-a0e4-7a625e5015e5,37,7,102.18,51,0
f8fbdba7-db31-4bc6-8a05-36d3a16aa32e,69,49,85.26,48,0
6b391030-d945-487b-82e3-aee3137c935e,49,3,237.37,62,0
eaa9f94f-68f5-4911-92e4-3e6cfcf35370,61,16,218.48,1,0
e640f421-bb7c-4002-a795-ec92fdd01dfe,53,2,161.78,5,0
5a033df7-6feb-4296-9814-2158ccb52ed8,52,1,51.83,35,1
183a99a3-8ed1-45ae-b74a-ba86c5f85aa0,25,8,188.29,39,0
c92679ac-671a-4f94-b052-ede88b5758ba,63,41,238.52,24,0
732af872-c1db-4bf6-b578-d628083b4fa9,68,17,75.62,32,0
72d9ebbb-28a7-4f05-8ea2-68c92ea9417e,36,49,280.83,53,0
d4f69c6c-353a-4bb5-ae50-6c2d93d09eec,39,60,266.99,60,0
9e59a3b1-112b-4428-be4b-dd7f5011e2d1,63,23,160.38,80,0
b4cb6f0d-4988-4400-94c2-2b725ce604e7,62,7,162.53,54,0
e77c5be9-ab59-430e-8e58-5b90dfb7d937,56,19,279.08,49,1
bd277e7a-0941-4901-b883-c0156c4c19c2,37,15,25.67,76,1
6ebf49b9-dd51-4386-8028-0174cb48da8b,46,51,255.05,22,0
44b177c0-d168-4abd-9077-2c6f5788e4e5,24,42,183.76,26,0
da7ae5ab-0013-461e-935b-ff074cddedfc,22,56,246.07,31,0
d3d04edf-c668-477a-a8fb-d54c857ba775,43,58,50.09,72,0
6a141f6c-e38b-4148-af5e-9b289abbd723,25,26,279.49,61,0
9043f8f9-f56e-460b-a863-d074f2a8e087,52,1,236.02,10,0
3fc30550-c2c5-4c8e-a9d3-31431d07feec,28,46,158.9,32,1
74616c18-5046-458c-a676-b33be18680bf,68,51,59.19,75,0
44b12973-0777-46f0-965c-302af7133c30,34,21,250.53,26,1
edadc36a-380d-4511-b098-99cb7fa6ab32,30,35,256.15,20,1
f43109df-ad59-42e7-9dee-92af5483cbee,28,39,234.56,36,0
496d27dc-76e8-47ef-af88-a57d7152adbe,43,45,169.26,10,1
63b19010-70e5-4ed0-beff-b82d8375ab6d,30,16,134.13,84,1
fca10e60-082d-4fee-aeb5-6f1260e4cb01,22,36,263.41,78,0
dccc641c-12a0-4fb6-893d-f981c67eceb1,69,14,66.95,60,0
e3419121-6a7e-4c3b-8108-4c381c952303,25,31,153.33,87,0
c910025c-2113-444d-8fe1-6a5ccfadf64c,30,49,246.97,52,0
6794c6b6-141e-4239-a9c7-7c181d977c57,34,37,234.22,9,0
bf1d6c45-909c-4b70-99b8-d51ef83bb99c,39,15,271.43,14,0
beafdd5b-69ed-4faa-8fa6-2b0ee984b656,18,22,230.97,15,0
4285db55-0e9a-4520-ac47-6a2d8a737fe5,37,49,292.25,4,0
f5a6c2c6-a9ed-4037-8678-1a17abd996a7,63,10,173.28,35,1
da2d8308-0c00-4b13-8f8e-eb6df957864e,46,2,119.5,16,0
827555ad-5de1-40f4-a085-4c0536adc867,21,60,249.44,31,0
32078c0e-b80e-4686-8b0e-741846e2e5b6,55,2,226.98,29,0
7fdb92e4-711e-41f2-bd63-de11560837e8,18,58,219.96,20,1
4704a58d-6013-421e-8003-bfacb8e54bfe,19,57,85.25,54,0
360940b9-cc85-4632-b868-0e9239203f62,63,28,265.21,51,0
f1c76a7e-c304-4966-81e0-99738705f5a7,31,20,173.86,87,0
9e6a9394-9f2a-4728-bf7a-dd6eef47c60f,34,58,160.89,43,1
6e03262b-1319-4be3-a246-738ae9a4a7e1,18,30,286.42,61,1
a8c04b54-3bfd-4241-908a-681d6c5f481c,28,8,229.6,69,0
f6c4cfc4-1ae3-4d81-a3b9-f6992ce00419,41,21,190.24,76,0
4e191fc2-f8a7-4c2e-aa6e-c9293ab9e7bd,52,7,170.89,32,0
102f9bff-9ae6-4f23-addf-6c7849607e79,28,20,90.5,79,0
e7d1a8d2-b07e-4445-b8f1-6fa6c7d9e86d,53,46,207.96,19,0
93f3c9d0-70da-495a-8553-41afda7c318f,22,5,179.33,83,0
88714ed5-7e7d-4fab-b938-fdd71d842e31,22,51,201.21,60,1
ab07d35a-d734-4645-a7d2-07bdaeeedbf5,68,43,114.01,10,0
c1861cb2-80c3-447f-b393-a4e6379ca889,43,25,100.41,19,0
b8197fb3-f5b2-4b21-969c-d6e335616271,19,58,134.0,50,1
1a482f22-d99c-428d-983b-f326cfbfedec,23,41,44.96,76,1
127510bc-f107-4909-9054-dcb79810aa8d,66,59,35.8,76,0
9c4c14e7-0fcf-41a6-858b-215e95e7f7aa,61,60,250.79,27,0
8ba79404-d736-4b9d-ad9d-8d653c6804aa,53,51,180.25,56,0
234c6208-195e-4fdc-822b-9cea65fd9fc1,56,18,122.71,74,1
08e662cf-a8ee-464c-b903-b39a43916e95,42,53,125.85,60,1
2df04b31-a2e6-4e45-b9ff-0b76ada61dda,48,48,62.58,22,0
70acaf07-c8cf-49e5-8211-2eec208fe352,50,40,213.57,62,1
7ff91de8-3437-48f5-baa1-d7ec4b8d5c4a,68,2,32.4,11,0
223365b2-6db8-46f2-b3f9-797a0fcd69c0,62,29,220.51,25,0
8bc537b9-1b76-4e11-832a-2a601dfcc5b4,30,45,184.78,30,0
72f580a0-ae97-4565-b063-4938e1a70ca6,25,7,154.42,24,1
41c6b70f-cc32-4a47-b42e-1ddda7f54b1c,27,13,139.71,77,0
7a8ec855-1d19-4858-82a9-fd7cf848a301,62,35,88.69,4,0
8dc8a3fe-7a07-4538-abf4-42d79e43f982,67,58,259.32,16,1
e00a4c89-3114-4350-bdb5-482b072d0ed0,28,41,283.82,75,0
fd007d74-6e4c-452a-ab11-0ba75aad11dd,65,30,135.92,44,0
11c4ad4b-cbcd-4fa5-b0cc-9564433bfe79,39,29,221.08,10,0
f74c3d15-6b92-438e-a1cf-17788e372f06,50,55,26.55,51,1
defee229-632e-4d05-bfa4-c5deec3eec17,26,55,152.6,20,0
476b1b3f-eebb-40cb-bdd7-ed92515406c7,32,35,69.65,34,0
416d2981-cdec-441a-8d55-dae359f57a5f,44,5,128.34,76,1
f9438034-101f-4521-acc5-ac5f375caba8,43,5,106.66,35,0
ffc121fe-e633-402b-a8a1-1ddeba77ba06,62,55,210.63,10,1
9dd5a49f-ebb8-420b-80f5-a9b0b10747e2,28,47,285.22,67,0
7ce27cf5-dede-4215-b49d-359cc6f58585,70,44,38.64,36,0
298c19d6-0d65-4e92-ae0f-8d7539f91b1c,29,36,163.24,55,0
bd12bf49-8909-4d95-98bc-e0199cb26335,56,21,298.98,12,0
a15c723b-e19c-4b24-bb24-ddb625c613a9,46,39,226.24,69,0
93511f51-90c6-4274-a027-30e5cd03fcc0,60,4,51.63,62,1
ae58c19e-c6e4-4fea-9389-662a7437687d,54,41,283.87,65,1
208af53a-146d-4e59-bef3-e76913689f58,20,59,23.65,24,0
26e11138-fcbd-4da7-8990-fe594bd813d7,20,11,241.05,40,0
c74b7d34-d071-4621-870b-cf5219a4daa7,24,23,104.71,22,0
e7ed8458-dada-49ce-8534-a551ab6bb843,35,33,245.91,17,0
add5774e-322d-455b-976c-89792e305748,42,38,80.71,41,0
fef87fc5-2387-4b1d-aa40-8101a26445d4,61,13,49.59,71,0
c6c34e27-3bcf-45c5-99b7-21d2f8cb96e2,47,33,255.29,55,0
568460cd-a8d6-4ad2-8a17-dcb0e6f281d3,67,9,87.79,20,1
b8d3ea36-af01-429c-a43e-f5c32e9da38c,60,54,282.95,39,0
ff2d74e9-5e3a-40f6-ba61-7a55650237c5,47,4,131.35,36,0
742bfd0e-7d1d-4161-acbd-a47999daf09e,46,33,55.34,76,0
eacf8ed6-dcca-437d-b3bc-2554221f20c2,61,38,92.91,74,0
7eaec2f0-1683-43f6-bd13-634e38200e31,31,33,160.05,5,0
548b58bd-8993-4e43-8b16-e797a277fffc,21,16,62.71,83,1
82e75a38-6ddf-4dcb-a347-df5858bb0b95,70,21,56.93,27,1
b8353c31-61b7-4886-94af-fadc0013288f,27,36,183.11,56,0
057612cf-5e4d-4800-9e74-88668e81df9a,57,38,286.93,53,0
0e18e7c2-8c0c-4568-b430-430c4034a1f2,27,31,162.61,17,0
1cd53a26-c4c8-46f2-9d99-0100385dbd5f,62,43,272.74,49,0
e730b1d8-a4b1-4dac-b5ab-57d159ba3122,49,40,220.87,12,1
18fec143-a1a3-438e-a41a-28ee2fcdacd5,63,35,247.05,38,1
b60ecae1-9b2c-4088-a040-0e974ba596fc,26,15,197.24,44,1
c597d4be-cbc4-4ac2-b4bd-878831ba27a0,59,33,120.52,33,0
1d10f08c-2b8b-4f50-b4f9-cf2187203c23,67,50,240.17,11,1
4fb7e59c-be55-4eeb-afc9-c4ec7db59751,57,50,100.74,9,0
45b26323-8544-4f95-8773-e97bea800b34,21,45,130.64,54,0
c8d3229c-f0db-4eea-b10d-01d4fb9934eb,38,46,191.57,23,0
942f0ae2-bdb0-45ac-b75b-f3c7eaf1941a,50,32,220.79,1,0
047be0ac-cd6d-4570-9590-4166fe517325,21,60,20.26,49,1
ceea3337-1078-43dd-b80f-5446d4e994b3,27,25,185.14,36,0
c288191f-0860-4022-bf7f-17e34e275234,30,5,112.04,59,1
2aaeaf9c-582d-48d7-8c4f-fb3b6bccebc1,59,37,293.47,77,0
98b1a065-73b3-4097-a851-df3281de1526,23,17,64.59,59,0
5ceb6167-bdfc-4040-b481-906be040ba20,58,23,217.21,69,0
6d299565-49ab-4a8a-b9ce-761c93880922,47,56,143.89,36,0
b4c18b4d-16c1-454c-b434-dd87f765f3e1,69,21,213.58,38,0
780a2992-9627-4612-a91c-e448064d6cde,60,5,161.89,11,1
8651c11b-c6d0-45e7-909b-c854f2b5cd5c,68,31,115.96,43,0
a6ac6e12-a77a-4b21-b543-d0a3aa885820,39,42,133.24,34,0
babea6e4-c67c-4c37-9ae5-c157a835f668,40,8,209.04,70,0
da288277-4fa0-4b6f-b430-11a25ee42905,48,56,261.32,11,1
5c692195-747d-4595-a752-e61ce5112f4f,45,6,45.07,76,0
d9d30e15-8119-43e5-ae29-3ffe01fb726e,32,56,145.26,63,1
d4d06127-829f-4828-a0aa-a0e778287fee,18,43,235.52,6,0
d6b3769c-86f4-42db-8f6c-1e7d345f81ba,49,28,243.57,12,1
d50d9138-b9c5-4a7d-9e5e-16566ffcab57,22,7,243.73,88,1
3da4b9a4-aab8-409c-a42f-7334a4deb562,47,56,46.59,41,1
8d412f50-32e4-43ba-bf9f-0b4f10106b9e,23,26,114.58,76,0
04b3db3e-85bf-43db-8da3-5e98241cf301,40,12,181.91,36,1
21fccb00-c22f-48c4-a617-d0837138e5b4,24,45,24.53,79,0
56c7557f-fe7d-4cb9-bd23-59531c254d35,51,56,111.2,29,0
308e6e86-f637-4fce-bcfd-4611646aa96a,34,57,249.08,58,0
a861d430-3afc-4384-8b9d-37263a84498e,47,12,161.43,48,0
daacc7c7-455c-416b-915b-62cf909af50d,53,33,152.21,43,0
95d3f66e-23be-42ce-9d16-4c80a813c6e9,70,47,79.43,39,0
5a102e68-23f8-4b62-8743-e3c1c3dbd3f0,35,43,214.47,62,0
fd9b52b8-7b37-4a52-857f-3a50d4d0e20a,40,44,166.39,57,0
4307f9f1-27e8-4887-8ab1-8e721b0598e9,24,24,165.53,53,0
153a125a-3b07-4a9a-91fe-21bbf1c848a3,33,41,176.89,27,1
d0c2bdde-582e-4a54-808b-41659814b4a1,61,40,125.38,32,0
f14bd22d-9b43-4c26-b0c0-996de01bf143,37,48,63.82,89,0
e4e9afd3-9642-44eb-9e7b-8eae42d1ea73,37,20,86.75,44,0
53fff136-dfdf-4915-b2ce-cd789308888e,64,52,296.22,58,1
17e5d78a-4636-46a7-b662-ab3f0267b862,56,13,109.12,21,0
c2d2302c-3b75-431d-8c41-2bb1cdd4df4c,26,16,218.28,76,0
3d29d572-f689-4d62-9d2d-77f0ca092dbe,53,19,72.32,26,0
18fb1840-8831-4099-a762-d6a713b17557,41,9,131.58,60,0
fc531200-93f3-4d64-aa56-ecd7609932eb,58,53,218.0,9,1
8f141e84-d50b-42db-9484-988894b35fa2,31,7,138.67,8,0
896ded80-24f0-44c6-a012-a4bdc32d692c,42,21,38.09,64,0
ca9af1d4-affd-45a5-bed6-d0de21587bad,26,45,138.56,77,0
fef1b011-e90c-483d-8e27-9aa0a457f038,70,28,170.77,39,1
bd19e2b9-a578-43d0-9b53-f3e01df2f0a1,57,28,37.21,73,0
a6de9ebb-0748-48d8-80fc-65828a44d758,54,28,193.26,69,0
54593378-c6c6-4d8e-897a-b183ceb8c609,61,51,123.91,36,0
23457e23-18dc-48fb-a053-e5102806ef84,63,1,119.56,35,0
70b48151-5387-450e-93f8-c7d7ba0f51c6,18,38,234.44,11,0
11de1008-1478-4977-9463-de7753d12527,47,13,85.26,31,0
e07c4add-264b-4436-a5de-54a2d4935e53,41,12,91.84,23,0
eb3dc90e-e7cd-4989-9a85-212f2c3e1b7d,25,2,251.83,31,0
3b33fa9f-864d-4d88-a7d6-54f6e0d2e754,57,8,297.96,21,0
4695e3dc-161f-4f29-8ec9-297d926ad425,42,46,247.15,51,1
3e04c5ed-c3ce-4b6e-9271-5ffdcd0cc667,44,2,156.28,17,0
b1ec17f8-9b1b-477e-a1ea-de0770e3fbf5,62,4,57.66,5,1
136b8461-34ad-4e49-875c-45fed002972e,43,5,264.36,44,0
67d557d9-9b95-4868-bca2-97b00565ede2,62,15,188.59,8,0
1d62ad30-037a-4489-8b8d-d2adac3cf0e2,37,8,203.33,33,0
cb007a74-9db5-4e4c-a964-4b1386f4aab8,70,48,283.38,45,0
2ea979ad-2184-47e2-810a-a2cbcfba6330,32,7,207.9,4,0
39c7ec9e-c80a-427f-b58a-70b13cd32e24,46,25,94.73,8,0
b294688a-be27-41cd-bd76-66f4a5289113,54,23,236.79,72,0
8ecec538-c79e-4201-a5a2-d14f90b1ddd9,67,3,58.9,53,0
a95209b4-12ce-4b21-b3fb-e6d4eda05935,28,50,95.3,51,0
563f3a99-12fe-4f6f-86c0-1e6b2459ecaf,53,31,128.75,0,0
37f95f09-282d-442d-bd52-1b9fb1f1dfe4,68,57,217.74,47,0
f7069d35-11ec-4d88-a7be-6e33a2574aa0,42,33,277.27,70,0
f635f3e4-d379-45eb-8099-49f3884e42b4,64,42,271.92,9,0
e9d51a69-8770-4d85-8f0a-b9bee71f9af6,25,8,95.82,67,0
04f0e8bf-d046-42c9-b5c5-a0bdac87408e,54,52,196.72,13,0
fea7f55e-4d7d-4386-b5bf-d49e2464da99,45,51,48.2,30,0
3adda64a-bd5c-4748-94ac-53e0eeee9bed,41,37,98.95,58,1
dda2f5c0-9917-4e1c-be26-82f01f078913,55,8,32.92,39,0
9063d396-937c-44ac-85ec-571ceeb62fd4,36,23,95.64,64,0
01306863-99e8-4086-9dc5-3ea2a980a0a5,60,6,66.01,50,0
dc59f231-8004-44fb-97ef-d57295b60112,67,16,103.49,74,1
2ef2dfc2-2d2c-4207-967a-f30c22bd38db,51,1,89.08,57,0
13e5086a-75a2-4416-9161-24de2e13a745,46,50,258.76,19,0
b2753223-c676-4282-bfbc-660f5470f015,54,26,294.1,39,0
d4c87ba8-b94c-4d71-9634-97851d8e49e0,24,36,170.3,27,1
4306f780-266a-45bb-9853-edfc5c8c8206,34,2,132.71,17,0
9dc39b88-3f0f-4589-8b24-1e3147c9e9bd,21,53,137.95,43,1
592006fd-fc99-4661-961f-84a60a1a6907,58,36,220.59,4,1
68239310-e43a-4b25-82a6-5b6f6d5e284a,56,41,254.07,52,1
d8cd86df-55d0-4664-92ed-5d9c20467e46,47,17,59.37,41,0
232fb55f-767b-47f2-8d7f-34f000cb20e8,40,30,152.21,8,0
c3e918c7-1ddc-4c98-9931-8481e17c0e44,34,22,239.88,12,1
44294806-ac8d-46b7-9776-d5178c30b0b0,38,18,255.28,61,1
13f43523-a7db-45e2-9476-6a61d63b8d8a,58,44,276.92,72,0
46ba15ef-1069-4009-8470-6d63ae5d60e0,36,5,220.23,81,0
e0ca1208-eae1-4b2b-9e26-a9c6bbda0370,45,11,177.46,66,1
5f8f6e3b-74af-40ce-bb65-8f0cb1a0cb3b,41,39,226.33,72,0
a7188a14-16d0-4308-bfc9-32613fc90adf,51,18,268.25,16,1
ac165189-fbeb-4986-8184-4c2c28c198a6,23,17,186.63,20,0
2ab42afd-d049-4d8c-8bb9-5b9c01deeec0,53,55,77.88,26,0
238ebdac-446a-4994-801c-16b01c21c9e8,47,17,256.43,61,1
a5b8e3c4-d399-4436-8b32-9ae9a32927f7,36,28,102.94,88,1
4ce84821-d14f-49d8-aecb-3cecc6e51c98,27,9,170.21,8,0
23c26d4c-2181-4fe8-a1bf-f25f19965c10,38,58,160.7,64,1
69590354-afab-4671-a896-063a1b897c4a,69,28,171.66,78,1
f88a4893-3dc1-4322-9805-808a4973fc11,25,37,213.74,59,0
c787d3df-f348-4625-b17f-d3e7eca3c4f8,61,12,265.89,63,0
cae75ec4-cba0-45e0-8b10-20856f1d5ade,60,27,271.22,70,0
20640d01-f132-4a28-b0c3-cfdeb3ce938a,61,45,240.26,22,0
60e6657a-e19a-44d8-81b7-2237cf049803,29,7,140.93,72,0
7aa2d133-8687-4b88-969b-3a0175b62dc0,32,25,290.49,31,0
8e04b854-2109-456d-8acc-a73852b97cae,61,38,63.33,55,0
da8795b8-fde7-42bf-b02c-9b113cbb2f79,67,48,289.15,38,1
e7a73656-51aa-4b4f-8886-6a5f7aa38309,56,41,38.08,68,0
47d30f59-8c88-42e9-925b-797ea4da9892,36,8,294.93,19,0
52231008-fbf1-45d6-a1c4-ff392ad14540,24,10,114.65,6,0
16197893-cc19-4200-b1b6-3f1f2c693744,26,55,212.91,49,0
91b8e707-fdf6-43dc-9abd-b6d1241b7817,21,32,50.62,25,0
c452b935-5651-43a5-823c-6d29a0247cb3,47,22,139.79,22,0
c25f941e-29bd-41e4-b2fe-8194dc27cd4b,47,36,207.51,65,0
a26c558c-97ba-4211-b654-6a9a0cd102a5,58,51,128.88,50,0
9a7bb91f-80bf-4e1a-ad72-502ddca7a05a,66,29,53.44,73,0
2cf3dd9a-c090-4fef-9dcc-44fe91f835bf,55,43,207.11,9,0
b7d1cfc5-1f96-45f8-91e9-eb2d23ea0e2d,34,16,271.86,44,0
a54e6356-6765-41d5-b3f3-8f407110c751,66,23,270.45,45,1
a798cf0a-8de0-49ed-9c9e-90ceb0824b8c,47,25,270.44,88,0
e9d2ce94-a368-4223-8671-881dbb7f74d0,47,2,210.48,26,0
0515b075-9212-42e9-9bed-aef865170e3c,52,9,227.37,38,0
e984b6e3-50a1-48d3-8e88-5d33349d1460,56,2,166.16,50,0
a4140df4-2d80-413f-bc58-920b9df9af9d,30,9,100.3,7,0
a508a455-8f5e-4f49-9682-4b9ba4a20e22,48,10,165.69,90,1
7215370d-99e6-4afe-99d5-de0dc5b6f88c,50,52,119.37,6,0
3f12c742-2ec3-4e82-b129-29b25f51070f,50,45,177.72,25,1
5c9ec612-5408-44f6-b99d-5a75a8431785,57,59,290.27,49,0
06100db8-597b-4e4c-a012-bc03d22562b8,60,50,29.92,27,0
75bb88c9-8ddf-42e8-82b7-b362e75300bd,43,28,66.59,64,0
9f109114-6e0b-4439-bac8-50a66cb6a966,37,28,189.64,86,0
61d11d21-2c61-42c2-9bed-9bb647c1f8f1,64,20,111.55,31,1
370611be-346c-436e-9a1c-f7d0c84c129e,53,45,200.09,17,0
ce442a4d-ccbe-4c0a-8487-d4a586c5e36d,41,10,73.47,3,0
0c3b8ec6-1473-4c6a-9f7e-48270a201c0e,70,6,119.55,56,0
4fe1d5a9-e19b-4ea4-b5f5-b1e36aaaf6cd,58,21,116.04,18,0
d45d683a-27a2-4fab-a838-15f598fd8ab5,29,2,104.6,63,0
ed89a9f6-bb15-414f-86bb-b8031f03866c,40,21,165.87,34,0
d5cd959e-d999-4cbe-af0d-8c2fe6d3db59,18,6,72.97,31,0
c262519b-1c06-485f-b318-713e34d150db,42,53,272.82,29,1
26bf68b9-c70c-4c2f-a58a-742c83493738,68,27,229.45,79,0
46d5007a-bd38-46c4-8670-2b459d604785,46,58,280.18,47,0
5a67801a-64ae-4c5f-909c-74c1114585a1,53,58,276.19,47,0
00a2e4c1-d514-4f6b-865c-3abf80eb2ab9,55,17,220.98,67,1
65011091-1f5f-4909-b1bf-bb9b78fbf3f1,54,44,237.32,9,1
ebca582e-8c9a-4324-b8ae-2d3168c4029a,38,24,118.46,79,1
e9d0ef24-b89f-4fea-95f3-089c0f0c1031,26,3,44.57,85,0
51e77533-b170-4eb5-9ece-d4feddbb6171,22,13,107.45,52,0
e9a42b83-e70f-4c3c-81eb-7b56874b359b,50,26,26.52,52,0
00bcf2cf-bb09-4ae3-b87d-ca731295ac27,43,37,188.2,53,0
efcb5d91-605c-4a76-8db1-c284d622c6f5,24,15,199.77,56,1
d8fe9d44-ec09-43e3-be6c-0c3e107ecf3b,62,46,66.71,10,0
8659272d-0461-4be6-b479-61a07344aab6,54,15,201.0,59,0
7388ec8f-89ca-4394-908d-24c8625f39c8,45,58,126.78,41,1
a462167d-df33-4e29-9347-788c912fe4fa,51,11,151.32,86,0
cad53166-731a-418b-bb68-f529821298f9,23,49,237.23,62,0
8ea63d29-5d7e-4d39-883a-2e889a353118,60,39,161.49,18,0
586639e8-47b2-49c0-9e71-0f05b0ea1796,27,33,44.84,23,0
2d552c7d-b118-4616-baa7-835c23d664ee,65,25,121.44,77,0
f5faf05c-cd9c-4811-b81c-ff7504f94cb5,36,44,181.94,60,0
0b32d97d-5609-4616-8ee5-5b770e04d965,25,19,92.56,44,1
4c0369af-35ff-4c9a-8cd2-b4639e568dbe,43,31,134.47,80,0
e2fdbc50-762a-4cde-84ee-89194121f304,31,29,224.76,19,0
5d10466d-3e61-484f-9aeb-b59599009eaa,25,6,234.72,80,0
e8eb5cec-96cd-4590-ad55-958647f9d3b9,43,60,254.86,70,1
740bb5e1-1576-4f15-a603-ebd64368cf45,48,57,200.08,9,0
23264a1b-ea3a-4930-b5fd-2e9f49a7daf6,42,11,190.17,9,1
54e50c69-cfd3-412f-93da-447c8a0afb5d,43,19,145.16,46,0
c286f8a0-965c-47c7-8b3a-0f7eeba405ad,41,41,234.11,70,0
438b25b6-6a76-4c75-ba4a-586d987dd3d6,47,40,229.57,63,0
b13f5d8a-d99a-4f77-b721-5b398ba435d8,43,1,214.26,9,0
eae803ea-b409-4ba1-bfd6-2645c04cd2f5,29,52,56.98,50,0
739e5e6b-92a8-410d-b022-2eedeaa2d106,54,26,122.55,9,0
1300abdd-bb51-4e72-8737-5c0e0a242619,34,7,255.81,65,0
2dc2d018-9ee1-4949-b46b-d614d296310a,52,52,290.46,77,1
d5102fbf-1fdd-418d-8da1-fe83e09cf3d1,51,19,271.36,56,0
a371e3a2-5012-430f-b120-db876954f738,63,58,76.94,67,0
748b9545-f824-42fb-a134-fe1c755459c3,49,48,250.06,87,0
31afc030-d917-4061-90b5-8554c10b6ae1,46,11,173.03,76,0
b1fc9ee3-f2eb-418e-9e95-d3090f0e0717,30,51,92.93,27,0
d529770a-f19e-40d2-a6fd-a6b086f7054b,61,53,269.59,24,1
763c2738-dc3b-4f6f-b5bf-fd3f538f9f90,21,2,240.62,48,1
a96628df-a83f-42e8-a0a0-5b20be26c6ff,57,54,223.42,40,0
b804e8f5-98b0-437b-9c12-37c8c42eef1c,57,31,237.18,84,1
b1a1cf42-b08e-439c-b7e0-e7a896d31244,27,53,173.12,89,0
e8f596b6-fa3d-4a8d-ba93-dd59e401892d,20,24,64.51,18,0
1a8d584b-7566-4748-a30e-04ee6bea96db,18,57,27.36,4,0
72f967d0-98fb-4693-98de-15f1065bd71a,18,17,127.2,59,1
cab9d29e-0421-43b0-bdcb-ec104acd4a92,41,49,240.42,46,0
979e682e-f798-4460-a3a7-6589397b50d3,42,6,156.56,57,0
35b4043c-ec99-46b6-9bb1-7a60eb855b75,27,41,194.5,12,0
c8062a7b-bc06-469c-83b8-1cb11d94ec00,25,36,134.69,30,0
8005dde4-9f5b-4338-b38e-ae2bba345525,41,36,181.66,49,0
5bb90b85-11fb-4ad9-b852-55d2a474a80e,66,37,262.16,5,0
57a1d77f-8c11-4f70-ba2c-8e8d8f6479a9,46,21,52.02,66,0
ef96d67e-282d-49cb-9d28-d2a67b153e7c,67,4,253.66,11,0
4e5e54e2-ddd3-4b4e-9ab6-2a5e7f06a005,66,2,288.32,60,0
dc93ac1e-ffc4-4071-a9f7-7b2e8b2bdb50,63,52,161.72,28,0
dce04925-c899-4d9f-9b48-aed639f36e76,23,2,24.99,61,1
09ee3beb-cb3e-4b83-9b48-2fa3fe48eda3,37,19,280.21,66,1
8169fe17-c150-4b43-993f-c2f75ffbd531,57,6,231.53,86,0
4548c71b-27c7-47d9-baa5-a358ae2533ff,31,16,243.08,38,0
7c171597-0628-45a1-93b0-4dd9907a1ed0,28,47,67.43,19,0
c23daeeb-79e2-4cd7-843e-2bff23b67c33,53,13,53.75,50,1
189806d6-34b9-4585-a369-48a8149695c2,42,4,271.67,56,0
0b469de3-792a-4600-b232-788724475d33,69,20,116.93,90,0
fc5d6cbc-3756-4495-91e6-cfdcffcb4096,47,43,115.03,48,0
0dc9fbc4-e43a-4f58-a0b0-9e9a08be4760,27,59,122.64,2,0
443bd086-6250-4a90-ae69-6bf5acc9082e,37,51,137.75,5,0
21bf3127-b2cd-4709-80cf-73582929108a,47,8,100.68,53,0
0acb389e-c766-4860-baf4-f66af12b2ef5,44,14,175.07,83,0
c18069e2-1493-4457-b36d-ce7155882173,48,2,144.16,70,0
17ebe3e4-12ce-4a54-aa72-f03aa6df0be3,66,42,63.33,33,0
a64dda99-ee01-4c5a-ad8e-7dd5284fabf9,60,55,160.46,56,0
7dac72b1-ede4-4902-87b5-f38963747940,22,11,39.78,78,0
505b31f1-d9f8-4ca8-be07-95e6f10b1ed7,56,42,42.54,5,0
1bdca8e0-c06e-43a7-a49b-c13bf71db821,65,10,89.84,88,1
81145b49-281a-477b-ba80-600e45d71c68,64,47,79.6,4,0
568e9d3a-fe12-4cdb-a2f9-8f5bd9d55cb7,68,46,202.75,70,1
f8f41b1b-5fba-4443-b544-d8a46fe8c8f5,21,38,81.34,2,0
9f5779c8-a006-48da-88bb-de231f35530e,47,59,116.36,34,0
a0291b4f-fc6a-41ff-a445-310ba4b8245a,46,22,112.22,64,0
ab038ace-143b-4299-90c7-aba375e7dbcc,40,29,100.19,6,0
092df2ca-3356-4e40-9313-885f4048a685,44,56,59.12,8,1
ce9e0523-2bcf-47a2-b354-0162f8b41408,42,46,283.77,43,0
80704537-cb9d-4714-8c79-a82bcfe46bb8,33,35,263.68,4,1
5ef1f364-5de2-4b12-8f00-51ae966c40c1,24,51,183.93,31,0
87142016-e6f9-4466-889f-c35a418c4c6e,50,7,240.46,56,0
ddfe5dba-1d18-4451-a8cb-28683a6925d9,50,9,230.25,57,0
7ab5c08b-ed4d-4408-9d49-8c8bf0aeeee7,61,18,111.52,18,0
c2cdb026-194d-421d-9f98-c4f4c8cf5abd,22,60,274.58,32,0
d888eebd-cbd9-4b68-97eb-73e4079aad21,63,2,71.56,6,0
ea44c538-da8c-4ed1-a144-ca5d45606d70,55,8,225.01,14,0
83fe96a1-83ab-4c02-99e4-153da0dcab08,25,5,142.94,83,0
32e3a080-7416-43e6-a77d-19758a0e85d6,42,8,254.66,88,0
d21628ff-1f13-4d36-bb3f-bbf25481cce4,33,49,50.55,86,0
56d7918a-0714-446c-9619-b05e0431f7dc,22,35,48.69,37,0
5fbde052-2b94-4dbf-a289-a97494d5ffa3,23,29,237.15,81,0
2bc0ed6d-1a14-49f7-9b41-2a2d560799b2,42,29,272.23,84,0
41bf6a95-4711-4234-9274-0cbb790a6d50,55,59,52.33,27,0
38390633-d30c-49fd-a736-50ac42db2724,70,60,258.12,69,0
af936a5e-74d5-4208-9f23-9440a67113ea,46,40,69.48,16,0
77cb9998-806d-445f-8c7c-54d7e3e083e0,34,54,70.74,25,1
81a5fbd7-7702-4e47-bf24-46d208a244bb,60,9,119.86,24,0
c644cbba-65a3-452f-8893-04408636f4fd,64,40,291.36,31,0
2d5087f9-601a-41ab-a382-2318152b88cf,60,26,218.48,46,0
41709a1e-9bf7-43d8-97e3-d685498717e2,70,17,245.0,80,0
89a125c6-6cfb-424f-aee4-48772733bf49,45,32,265.14,65,0
24040832-d5a6-4155-8ec1-f9da70710f25,20,18,89.65,31,1
6566473a-525b-4d5b-bda7-2f8157938a5c,35,50,192.3,88,0
38e7be97-9018-4743-9b92-38cd83394593,61,24,133.63,54,1
9ce22c18-013f-4f0d-8556-f4007606c8d5,41,11,38.76,10,1
2942a5ee-113b-45d1-bb70-fb196517efcf,28,14,299.24,54,0
08c56eff-2212-402f-8e94-0912684002b2,54,13,266.4,20,0
277e7afa-997d-4164-b278-f45ad4637f84,58,48,58.39,42,0
ed9f62be-e811-4301-9507-985143024b41,40,43,77.23,59,1
66e6caf3-f6d0-48bb-b7d5-240248e65ddd,34,37,41.76,45,1
fcebd1f9-5b0a-46b8-8f88-c3714c383b9f,48,40,255.97,64,0
03aa1f45-5de1-42f4-89c7-966bf3053147,23,50,218.67,5,0
45c474b9-9431-44b6-b42a-d2fefbaffa73,41,49,258.73,26,0
1c4ff6bd-a32d-40eb-b73b-5a3568071bab,66,16,57.4,9,0
c4501594-990a-4b51-9e7e-a863d4d8aa08,56,41,157.32,73,0
c98f1ede-f626-423e-818d-fa0308404916,56,51,216.53,75,1
3042788d-44fe-4dc2-b218-bb14beed08e8,58,2,259.01,55,0
fa11122b-2a83-4400-8306-3eb28ba88fe1,47,30,218.74,29,0
6d528a3b-430d-4642-a1c2-b761042c9789,32,18,65.97,70,0
e73d22f1-95b4-47ef-b288-861b15d00b26,22,25,31.03,71,0
7d69f8df-81a0-46f9-b31f-8b6ef3c72199,59,7,176.05,48,0
a4a13394-8a8c-4238-bdb7-19461e18aa7f,22,36,76.46,75,0
f2948c8e-42db-41e5-8dcd-35d870600da2,24,4,196.68,19,1
dc4434bc-a7ab-44e2-8e21-5a6db8e512c8,23,47,131.1,22,1
2f40a4ac-d51b-471c-b71c-b5e62a157450,42,13,99.58,21,0
109a4222-92e3-438c-a97d-cae55a4f313b,35,50,280.25,23,1
c87037cb-cc18-4049-b78f-9f58bf97a0da,26,43,203.0,6,1
d4a2d075-2fa7-41ee-96bb-ddd58aecf0cb,41,21,225.03,7,0
4d0399c1-3edc-4811-bded-542e5e3683dc,66,57,208.7,84,1
f9b5481b-9895-4173-8600-e3113d767628,60,18,28.97,47,0
56a5e5be-f2f1-4639-9e01-d064eda0e6ed,32,3,194.99,29,1
32511690-40b1-45a8-b0c3-a52156a8e3f1,67,3,280.59,55,0
3bd1eb66-6c25-453f-9294-0bdde04b7107,27,2,277.52,61,0
ca6af146-3ed6-4c7f-91a1-b87b889cb561,44,37,214.26,17,1
d7bf244a-0eae-40eb-a5ff-4badd680f02b,28,20,58.86,39,0
2feab52a-1a32-4664-9ea7-d90a3f469751,29,46,63.77,67,1
c5053f5d-ff84-4baa-a17c-3486c09accc1,50,10,50.52,60,0
c7c52b0f-be8c-4027-9faa-2abb68f065cb,66,21,79.36,62,0
ba9a40c6-55ea-4cac-9995-a534f9599c2b,44,25,43.15,23,0
b89a0721-dbb6-42ea-9c39-6e01433a811d,49,29,25.16,64,0
130a6c4a-c830-4573-8da4-4a03ffc2be4d,20,57,299.09,18,0
580fbe45-c8d4-4955-b967-88f43d178979,36,24,77.34,40,0
36bfa053-1ac6-45bf-8058-d6b6f6198101,19,50,251.44,3,0
aab0c20a-bb79-4e64-bc5d-5ac4b16289a9,33,16,83.52,67,0
293af006-1f37-4c9d-baa4-2ee2ec471d3d,18,11,154.4,89,0
46be9be0-21ac-468e-bc8d-eb79a5da3a3f,49,25,294.82,37,1
ceb2d445-4899-4f1a-b9fc-54931d50e253,38,52,233.29,88,1
301c7703-4fc5-4833-9b66-f0ef7f81c189,43,44,81.14,32,0
17de8590-6631-4e50-8b6f-b2cfa2eb66bb,18,32,254.11,7,0
61c1df85-eb3d-453e-9dac-ab6d64f5b375,30,30,194.14,46,1
c3c7b67f-8fa5-47ba-b5ea-3c01aa2072c5,41,17,69.08,73,0
647f2786-bbff-418d-bd1f-dfc0489b5d14,25,19,197.63,31,1
8604c035-740a-435c-993b-63d478503c48,70,15,240.12,89,0
b736fc28-729c-42f8-8dcd-7f520ef12114,21,8,165.25,2,0
154628e4-6604-47c4-a30e-ec059e087ceb,68,32,83.59,80,0
4a084c87-4f1b-448a-96c4-4dbaf0563c54,21,52,179.9,43,1
b90e22a2-37cc-42dd-a4e0-78601a2df510,27,9,128.17,19,1
a569cea2-3b9c-4c75-a199-3e286682a6f8,32,26,157.31,55,0
71b05263-9dc5-427b-ba8d-25868a51fe81,47,42,252.06,32,0
efb57222-d64b-4000-b165-c4e42ae847ef,58,57,241.03,78,0
9add9110-59f9-4ae4-99b9-8c52351a96b4,67,48,264.19,10,0
e4e52adc-663d-487b-a9f7-c889779a9625,22,20,179.74,8,0
a743dd6a-f938-45cf-a93f-22a3495e6727,42,52,250.5,86,1
57dd3e15-15f0-4a09-9687-7df1562f691b,33,13,59.3,36,0
fb35abc6-57e7-46bc-9a53-7649529afd5b,53,20,32.2,59,0
c4b7df56-7c76-4984-845d-0ca186e19b6b,65,29,97.24,47,1
288ae537-2a73-426e-a915-371510c385cb,48,14,221.27,72,1
430bfb41-aade-4aa9-a407-5d1a14c3ab50,48,31,78.75,32,0
b4a6bdc3-18ad-4795-abdf-820986bda98c,28,20,34.15,69,1
c64198a6-d95c-474e-b7bf-e5d656acb2f1,54,2,281.22,83,0
05713ec4-8822-4278-a2ec-7c60cdaf5afb,23,30,226.43,52,0
54923ad7-c3f0-4a82-849a-919fcce3c055,63,31,284.92,7,0
9378d36e-6c90-4204-bdc4-93a4dd016577,33,54,165.25,50,0
584b9116-d0d2-4642-86d8-e59a68fc5604,25,56,213.14,81,0
9dbf852b-af41-4e87-a5aa-72ee06f2fb64,54,55,161.59,80,0
0495e311-8dba-42a1-ab6a-354df80c40e2,36,1,255.74,62,0
de81b123-f549-4ec4-892e-b82d2c8d915f,63,11,243.78,57,0
1ca9d53e-4c88-40e7-a33d-463f4d34de3c,65,32,282.08,41,0
a8398925-e7e9-4cec-b52f-86a4e5f8c4a3,23,27,240.58,23,0
4d8a6760-cbb2-4b65-9b98-977db6699409,59,57,261.86,52,0
f5875fe3-1a3e-4d8a-bdd7-c9ec47ebd58e,61,33,173.69,57,0
baf6ea14-6ab9-40dd-ba1e-dfce31acac78,43,10,265.44,33,0
e03dfc27-b72d-4901-9f22-412fd88be5f0,53,21,143.76,11,0
54e5df32-3223-4ceb-9c7e-b768c5412fec,25,18,165.91,34,1
f7287324-5edb-461f-928a-fc5102aeabac,50,15,25.61,34,0
50b16a92-34c4-4f8f-9782-bc4a0a2463fb,43,52,179.62,4,1
b440804d-ce03-4805-acc9-369d9b216678,36,53,160.34,86,0
f60d29fb-139c-461d-8de3-73efc4f88f6f,67,26,137.69,6,0
a6cdcf5d-a0b2-4e66-866b-cf84a317afcb,59,29,217.65,81,1
cfad1dd4-4b55-4667-aac2-42d5c00e6c75,55,9,240.23,66,0
87f31805-5784-43ef-9179-0be432ca7489,28,58,197.81,4,0
cbbee0a4-c6f5-40db-a0fd-d385cabf29f9,50,8,217.4,60,0
6947014e-c472-44ff-8a80-e06a1f801d6c,50,22,224.05,79,0
6d5640bd-a2ad-4fa2-ac93-c839b9b2739d,50,2,50.36,24,1
a7893086-3af5-42c6-9ce2-0a3da57ea0b0,56,13,103.97,41,0
11965ff0-bcf6-4629-8770-5c0b85899d65,24,41,85.52,49,1
a231f828-e3b5-45dd-a2dd-68efdfaf1e87,20,59,61.42,35,0
f511157e-e86a-4e8a-bb9b-298ccd26265b,18,51,205.11,14,0
1269b89e-46e5-4a12-9453-db376cb9b67a,44,46,127.22,0,0
4983bb63-027b-4d8a-93bc-8d2983a3790e,66,28,131.7,27,1
5c7764e5-bbea-43a8-a66a-d5e773de52cb,26,53,200.04,59,0
c4940625-f3b4-445e-8f7b-eb796964a63f,62,10,193.8,73,0
90fcf000-4138-4c74-a89a-fa50e9d05704,55,20,170.21,24,0
9e2765fc-e33f-4bad-a331-b3832b8b118d,39,58,56.06,58,0
ebfb5a1d-5696-49e5-987c-e174ea641210,25,13,72.95,32,0
4fa621ec-1b7c-4842-8a06-07c04a457575,67,27,67.72,58,0
859e1ce6-13f1-475d-9242-59e82c935b4b,30,35,61.16,13,0
b793278e-5b2f-4f42-b940-1cd6896d6e22,52,55,60.38,89,0
76e31a0a-34a1-4e30-9964-c1c4d33a61f8,27,55,227.24,41,1
e9335c16-340c-4798-9742-168c2db745e2,59,59,188.14,59,0
6859b8d1-1cb2-4dad-b6dd-3cfc56060651,51,39,115.31,10,0
5ff7cd1a-fdb3-4310-96ff-7466fdd1aa68,24,43,36.52,8,0
0da7a141-5ba2-4b96-96ac-ff39ca6d43e8,61,26,135.0,28,0
cfe6fb79-11e9-41aa-9b75-f02f6797194d,59,1,79.92,89,0
96271f2e-1224-4068-b974-252337d7fc37,66,51,141.46,85,0
2ee9c0c1-c371-4a8f-a6d4-981f26ed060c,36,21,192.67,60,0
60ec820e-ce81-4efd-b283-f799a7ff5ad0,52,57,37.69,64,0
3e34392e-a5d7-4b5f-8647-b8400bc4113a,23,54,252.39,13,0
6026e9e6-ab27-40c1-b0a2-59c8c3583357,53,10,153.19,0,0
0c68948b-38a5-4e85-a31d-3bda2c125a43,60,10,94.38,30,0
6ae7a227-547f-42bc-8fda-bdb3f57184d9,69,29,189.55,9,0
32161e23-07aa-4727-8273-4d6aec36fa4a,58,10,122.62,59,0
a1db094a-817e-4268-889d-6e9ac3e0d6dc,62,37,247.21,84,0
30e33652-f732-40b4-9cc5-923eddf6c21f,57,59,229.44,11,0
fafdd8a6-7550-48ad-b3c2-314c37f79d15,54,30,145.08,66,0
3d4f9e8e-dba8-4182-9827-43696d3d52ff,36,60,155.43,25,0
4fb82ad6-8347-4028-b9de-cc90a494dfcb,31,34,174.97,46,0
9a76ddb7-c52f-4b96-a461-104e070e32e3,36,60,248.93,8,0
99ebceec-a936-4be4-9da4-2581f5b24726,65,12,182.09,8,0
ab30e804-23c3-4047-ac7f-8e9243327b5f,41,29,183.24,53,0
130bc549-56d1-4f1b-b174-981985bc7dce,32,39,167.35,21,0
68faef1d-45df-42b4-8ba9-c9b65b802364,18,49,265.85,5,1
9ac4809f-491b-4872-ad2b-abc668ba2a7d,19,39,82.32,31,0
1e5303cc-5ae8-4f32-aea7-df9edeebdec7,19,3,129.64,57,1
700552b8-f3d9-44b7-8e1a-1e7aa0a12b4b,65,60,104.87,63,0
c3a4863c-d045-4156-89ea-91d92ffea0a7,69,20,106.11,75,0
5712e198-f564-4d72-b25f-02bb79edff57,19,18,26.98,60,0
bbe503c5-89c3-44d0-8258-aa9142e196c5,52,29,27.45,78,0
1d98943a-a940-4d23-89ce-662436b44548,45,56,216.86,19,0
6bd096a2-3ec9-4bd9-9755-37f10e9a5848,69,52,151.3,84,0
a80cb710-0461-47d5-9337-18a80cc1f081,38,20,34.33,37,0
a8376720-bb18-47bc-8564-a500d28e511f,29,25,56.64,38,1
0504b252-b93c-4b17-a38b-ec28b0e62078,26,31,211.43,12,0
05bb22dd-719f-4b26-866d-68e6db07a3bb,46,27,233.57,78,0
9f94baca-ae57-4819-87eb-92f9ec562115,22,56,53.54,78,0
a0bc69db-9953-4f65-9538-599084e49482,28,43,27.12,29,0
dd3fa5ad-0c6e-4bba-a4cb-3aadf54c1514,63,32,292.75,80,0
0ce66566-9799-4fd8-944f-9d6d10fea0bb,22,46,33.71,67,0
d019d1c3-6a87-4917-bfe6-462eff84c9c8,34,39,146.64,83,1
fdc5e23b-f744-4f90-aa34-b9388391aede,47,2,185.33,7,0
28a89a49-a5e4-4b85-976f-cd452e059411,60,17,84.49,78,0
c724aa47-ff1b-495e-997d-e44f4cfc7dde,54,34,87.29,83,0
27081616-f20b-4748-b996-bf728dac36f1,51,58,138.26,45,0
caa77570-f2ee-4c83-9a97-3476e815c06f,27,19,135.09,83,0
3d926031-e5ba-4e42-8c63-675778ec48ad,46,24,147.26,40,0
cebbb04a-6fbb-424b-b8a7-ae507c0775dc,20,12,102.33,3,0
78fab5de-c0bd-4632-af3f-836af8a7c788,48,55,40.85,30,0
b43b32b4-95b6-4f85-95bc-272387700014,30,52,244.98,55,0
a3de5720-4472-44a4-ae0a-2e97318f89f9,29,53,107.99,44,0
6d353f88-8056-45fd-8182-a9f161c1ff52,20,39,171.88,50,1
28b82c2b-23dc-4712-b7d5-5cff483f86aa,59,7,39.28,34,0
8580b71c-ad12-44b1-b5f6-6c32eb4a0b52,64,49,199.38,85,0
ae9a2ece-a030-48a7-a000-274189bcf2fc,20,20,89.08,52,0
71c1e8c0-39a8-4339-bb0b-6a3ee8e2ff6b,60,24,264.23,36,0
b375f250-d075-4392-9e24-bbc22df2763b,47,60,27.33,46,0
ec12b0ca-91f7-4fa3-aea8-bbf5c8e1149e,62,17,222.15,5,0
9ff7d36e-849c-40dc-966d-b3bdd8da41e3,57,40,40.41,39,0
fe15b99c-e5f0-48e5-876b-589d36451f1e,21,56,240.57,49,0
b20160ef-c935-4a4e-be68-e2f20b6559fa,23,3,73.08,84,0
399c0cd0-3d49-4c2d-acb1-2f0b20c5359e,21,33,269.14,49,1
d6aca06a-25f6-43bd-ac8a-fcbb2f422a95,27,4,239.1,87,0
08c7eaef-97d0-4104-bd77-2ceed5173e42,35,11,291.87,51,0
8851677e-51e2-4544-beb9-5ec33713466e,67,49,41.26,14,0
2615a4c6-3d18-4fad-9262-de95bdd6e7b5,37,19,184.39,90,0
16fe1597-756c-4a8f-9951-0f7e1d8f6033,59,20,207.7,5,0
ac7baced-8868-46a3-9622-8b08277fd86a,34,51,215.14,13,0
32e46ac9-f25a-4ccc-b069-23be2012988d,63,7,175.98,87,0
f37299c6-ea88-4262-9d6d-2475ab46e208,64,48,272.13,88,0
5db47371-7dbb-4854-862b-232e3c621432,32,23,195.66,81,0
b654a794-d347-4832-90ae-9dd1722978cc,40,21,90.27,17,0
b66846a6-d36c-440f-8c43-5bc5c971d303,42,9,194.87,41,0
5309f72d-2021-4c13-ae0b-b5a8db30efad,22,14,219.36,88,1
d241620f-898d-41dc-b27a-96d8392486b4,48,24,88.71,34,0
1f369fcc-68d3-41ab-9867-e2230c650903,68,43,279.85,48,1
3719e33f-93e2-4f9b-bd30-d7c2ea0f0e76,70,41,191.18,53,0
e866ab41-f664-43b4-9621-720afab8714e,45,18,21.47,63,1
471bd7c3-2798-43ac-8fa0-4f5db1e9de4c,60,20,125.43,65,0
b0bd0d28-5d28-4ac3-ae37-8fa90634f848,19,56,230.56,23,0
419d3a17-4b56-41bf-853d-4d5efb7a6377,34,14,187.3,46,0
d0f3ff44-0674-435d-a8b8-097f068d63e6,41,19,32.82,83,0
070fbba9-c625-4443-a207-50a92db47ab3,38,39,35.96,55,1
36ff141d-5af9-4626-93e7-718551043365,69,55,189.98,12,0
3ee28caf-58be-47bd-9740-8f3b5a7aaf11,61,55,196.99,41,0
e970505f-8510-40ae-8e29-3d639c144bc1,37,2,251.48,68,0
69e54eb5-8da5-442c-a866-889bdf39fd68,26,30,259.72,3,0
2e6188a1-2e06-4d9e-a7cd-380a93999df6,33,48,79.73,83,1
d2e70916-2cf7-432f-9703-729d984abd4a,48,49,175.73,16,0
8e5e4ce1-3c7f-42e6-8239-4bf3f7921ede,54,39,215.79,88,0
324cdb23-84f7-47ee-aa3d-eebbf148d35b,35,31,133.9,81,0
c932e869-5b1f-4807-a7fc-507ab446c2bb,30,46,106.51,58,0
0323632c-7b03-451e-b405-66a12df887af,49,16,178.0,25,0
e62d9f73-7738-4406-9c35-1ffaefd94658,18,34,128.56,37,0
d6aeca98-2475-435d-abaf-550d8e7a867f,20,21,137.59,47,0
3c9ef9aa-c7b5-4ac4-a159-c0dfdc1ab74b,60,10,196.96,79,0
d8dc053a-daf8-4912-af03-8a59b4c29d0d,19,10,79.7,6,0
8c82b07c-627b-46a8-9b80-3ba76bcce9ee,49,30,74.7,14,0
87018000-d8ff-49b2-8555-d0b42b1de50f,26,14,93.64,45,1
5946a9d7-1139-4f21-94cd-b4f600393113,32,36,79.62,85,0
45ecbdb5-53b4-47f0-af7e-8aa12893d330,46,16,132.01,21,1
5913b9da-9102-4a26-942a-842f43ede2f5,66,29,131.9,89,0
9d5f41a1-68a3-466b-93c7-0aabdc468b68,23,11,284.96,84,1
9b4df103-cd9d-4270-b5a6-a8e338d4abf6,25,21,209.9,2,0
d1d71331-7009-449f-8f3e-cc7dd75c244b,41,27,259.5,77,0
b9e011b3-9d42-434c-bab8-18335cba1d2c,20,37,86.05,62,0
336b0fe3-dca0-4e55-97a3-a04c24e1d7a6,69,59,46.99,83,0
c292e6ff-47e8-4e43-9d93-4c9581afe460,22,3,86.24,49,0
b2af7866-7185-4ffe-825b-52fa53e6a83f,59,38,85.02,62,0
14ee874a-097c-41a1-8778-3e885cab825a,34,18,139.05,77,0
680550da-0de5-43d8-923b-13b274d2d10d,40,9,215.58,45,0
ddaf0ecf-df99-4ab6-bf70-b8c4274a73f2,68,28,28.25,70,0
afcc9f1d-90bc-4f93-b5da-98c7f300085b,59,41,145.73,13,0
d3d35b26-c4c0-4440-8c6d-ded10ce2a161,36,44,141.63,52,0
c51189a1-45f0-4878-b187-d20fa8bbb590,19,43,99.84,57,0
f169c204-6f37-4f16-a799-08dbc035c5af,45,33,139.28,32,1
04575d1b-8601-4225-ab4c-2b5c63c47d00,35,49,212.73,80,0
aab4c7ca-e846-4f65-93a7-90267a193bb2,38,23,291.88,17,1
2c9aaa95-2985-4653-b7fc-4ab8912ceb88,64,39,58.29,34,0
d74d6f46-379c-4656-9449-e76d99438dd5,31,26,169.4,34,0
3eb49b93-397f-4159-b62d-b8a2e39a707f,64,39,189.49,3,0
50b640c8-a842-48b1-81e1-b0b62473fe2e,22,32,82.44,10,0
59248360-6b63-47b9-9eed-183b251c9f88,68,24,79.02,40,0
4289c460-cd81-4f52-9a40-6863c50b5a63,35,14,52.61,82,1
faaeb4da-937b-40ac-8681-7152aec134ca,46,59,49.86,49,0
eba5d99e-ea8d-40d9-a617-e97de3d1ac28,66,47,205.47,10,0
8810a127-7089-4524-8196-42e726ae5bfb,49,56,145.7,78,0
e1fe764a-27a1-4775-804f-2ee4d2ab1203,46,3,30.64,43,0
664c594c-fbe8-4073-a8d3-e215404683ae,46,9,254.63,55,0
e326a988-c314-44a4-b776-acf0f57bb026,48,47,25.0,79,0
a72cd621-f32f-4530-8548-aae5a36b9c43,47,34,99.53,57,0
a3c116a9-47c6-47e2-aedb-7db183b0f751,45,12,234.14,16,0
5a414e5c-a8c1-4cc6-9481-d362c46b68d0,29,35,161.95,58,0
8d9b3597-5526-496f-83f5-cf41462bfd51,65,55,99.39,12,0
fe3c7398-7ae6-4946-9a79-2978ea26aa1c,24,19,151.39,33,0
775e6615-3019-4c3f-86bd-23518d3b0f39,70,32,255.88,47,0
bd359416-339a-4716-98a1-7804edf57dd6,68,40,82.79,2,0
adb18cbd-ad1c-4be8-b998-ebd5c7408dfa,35,35,87.56,77,0
18b37a90-f1ac-47af-a9ff-9a3856e530fc,33,20,83.01,65,1
48ff195d-80af-46ed-ae81-da10f1a02054,38,39,60.72,40,0
d7822b9e-8914-46e1-a2bf-4f4f0778f80e,22,27,129.54,5,0
e760482b-0b7c-4175-9f47-a8ce8433fa60,21,20,113.4,52,0
94861044-2f28-4132-ab9b-84b8035c8cb5,38,3,178.62,78,0
a35a8939-fb06-47ce-bf69-c115d2a9dd03,62,30,230.68,25,0
df1de296-c5ef-4659-957d-ac9148285296,21,42,149.54,0,0
1a7e7346-5ebe-47d4-9a56-f0cf490e962b,53,41,110.83,56,1
19723c26-5e41-47e4-b86f-7ef7d96d67be,30,35,139.39,53,1
ce36f639-bf77-4c2c-a67d-64c6d1b8d539,47,26,212.78,90,1
4929d928-51a5-4bb0-b32c-9022a4f9ee8c,66,37,130.94,24,0
7e2f089d-8a61-4afc-a808-0c0c6e63adab,27,53,100.88,15,0
71644dcf-ae3e-4aa8-b56d-1347328569ed,39,27,123.13,38,0
20029c49-baaf-48ab-b82a-bd7b7244e710,60,47,247.84,72,0
62c1627f-e704-42b4-9cc3-9770c50fe2bf,30,25,48.25,28,0
dadb8115-ce09-4d84-8451-74b69f0729f1,45,47,246.64,18,1
5e3ab773-0870-4a89-b114-d6aa5e377076,66,36,45.7,0,0
59794058-6c9d-421b-ac45-1551f584dc43,64,4,85.87,86,0
412cba91-82cb-406d-aa4d-9c70fef565bf,30,53,253.32,68,0
ebc5605e-62a9-43c9-ba73-d94585c501e8,68,8,269.3,68,1
2914ecfb-55e9-4f0e-b04e-823cf7144485,59,54,37.45,51,1
bca64e93-2e77-49d8-a44a-1b26d893019b,61,31,269.82,66,1
48b87eaf-173e-4b0b-a404-ce601eb6c3ee,20,21,115.76,87,0
74999f45-1c39-4143-88f1-ec49d9c81e39,22,2,296.62,8,0
91f030f9-9487-4b30-9740-7bfc714d6af1,24,7,111.83,42,0
7c990b7a-34ee-4236-86c9-646f2891afd5,21,4,170.33,17,0
02f33016-dc4c-445b-9aaf-bafcbe74c5b0,23,13,135.4,48,0
61b019d5-f0dd-4b6b-9301-4b83edf6d1b9,69,50,266.82,6,1
a68d69b0-442c-424d-a3fa-4b4d6f1e9b28,23,13,26.02,34,1
b2f1cb1e-36aa-4db0-a501-15fef93f08f4,59,32,69.7,28,0
426de02a-9f94-42c7-b2c1-0fb897b139df,43,29,218.96,60,0
19b40b6f-d9a9-471e-86e8-f0203793a667,47,27,35.28,86,0
1d2f6f8d-0224-478c-938a-5d49d78b8e7f,51,29,216.21,81,1
d75e3001-49aa-4f3a-a058-4ee7499c774e,20,39,294.85,10,0
7774b0f4-c43b-481c-981c-612900509fbe,36,34,163.59,83,0
9685972b-caea-4653-88d5-4224bacfcd8c,55,6,273.48,36,0
fd23a11b-dbf9-4e4c-9bd6-8af40a0613b4,23,28,34.73,16,1
8bdf719e-0853-46b2-a002-01551483ab4c,59,38,294.67,5,0
576af903-3ce0-412f-9987-3544b23422cf,26,42,76.02,83,1
1a0002eb-58b3-463f-a551-1fc95204ef67,42,27,174.24,40,0
087a3a5a-7ae3-4a58-8b69-f4ec5eed011e,38,51,91.34,60,1
cd1da1c6-47b9-4696-86e3-40b11d995d01,29,22,137.71,58,0
dd8474ac-6f15-40d9-921c-bde6a1d36288,61,29,131.16,35,0
674ea137-d094-4d31-bab2-fb53f0a85e4a,65,16,134.29,20,0
04f752c1-ac0e-4621-b2cc-97e03ba585ef,36,3,44.11,69,0
f8fb7448-7cc7-4238-bdea-051f91348297,69,41,281.37,74,0
fc0352c1-dfc2-46eb-834b-669a88eba2db,69,15,277.84,57,0
1a8d63a0-c2b9-4bef-ada1-6eb1c81b6bad,65,24,108.28,17,0
4ac5f25f-06cf-4c5c-b1d8-df6e905c9ad1,40,20,88.63,29,0
055bb63a-4dab-4f2b-a723-f2c60b74d431,45,50,189.55,74,0
7d16cc18-55b1-417c-a858-136a27d3c881,44,47,170.3,27,0
b85d21e5-b9d9-496c-bb8c-1d61040f812d,25,28,98.25,75,1
29410cf8-58f2-48cd-b984-64eb4567c149,29,41,204.27,71,0
2d9a2a11-020d-418d-8d36-4a1b40d71364,37,5,164.48,61,0
ff5cba28-9de7-4bec-91bb-ec9171b087d3,45,26,146.22,67,0
952269c8-fcd9-4cde-b03a-ca6f32526157,33,32,256.45,5,0
910b7245-e269-4bf3-a9a1-ded7d88fd2d6,48,25,255.19,45,0
6cdd8116-dc0d-4d50-9488-2b30f6374c75,20,57,51.11,2,0
f849d916-06e2-4978-ac9e-0cf3c785817a,70,27,251.0,27,0
a72f596f-4212-40df-a18e-55a784a84250,44,47,202.84,57,0
b5108e16-03d3-44bf-85ab-3ebebba0b571,42,21,78.94,42,0
989c748a-c04f-4931-b98e-1e9e9c8e893c,18,20,247.7,48,0
97cf5593-0fe1-48fd-aec9-4fd852c01a7d,42,27,71.94,33,0
661d9324-10fa-46c3-8293-76d3c9da2611,62,37,240.84,0,0
5a463213-f330-4bff-91fa-2e93fba64354,41,34,162.42,17,0
bfe6af77-3821-49c9-ba90-c60bde174e5c,30,55,132.13,61,0
0679a6c8-a946-475c-a38b-5014dffe62fd,24,60,35.49,40,1
fceffa0c-27c2-41cf-90f4-66907ff3b333,70,6,113.41,14,0
528a1fb6-1d3f-4a72-93dc-0a4fad0f8fce,55,25,180.21,64,1
c1da08e5-12df-4603-88ad-a9f874bdd6f2,46,44,171.75,62,0
dc1a9c3a-84d8-4274-836a-e868590f907e,35,39,183.58,4,0
988d449a-2b2c-463a-b29d-7821e6f1c89b,38,21,297.84,42,1
40a261ba-241e-4410-9561-d3cbbd432d12,19,46,213.81,45,1
ba295582-fcde-4992-a5ea-6386bbabb632,61,22,164.6,35,0
d0f4d4ec-97d8-4df6-9651-cbe60a257a2c,53,5,209.57,72,0
e582a21a-4ff6-4d40-8768-042388fb0c7b,37,22,81.94,14,0
54c831bc-877d-40b0-9ea3-10f694b3d52f,56,44,63.29,4,0
87f4065a-aeb5-4f16-b0aa-1f9b82a79eac,27,33,177.35,49,0
27b71ab9-3be5-40b4-8c97-6da1794c2ad3,64,19,277.66,86,0
3ef04615-c71b-41dc-bcc7-d58aa09289df,68,11,43.67,61,0
7f1d8d26-26cf-4170-a6d7-37d1d320cd31,36,5,136.31,10,0
11f26cd8-3cc3-4f13-8d4b-4b3bd68063dc,34,13,114.69,64,0
c2825ba4-2d7e-407f-9b0d-f1193a0347e2,21,55,243.28,47,0
d6a538c5-3183-4aab-8d90-3099efaa2eb2,49,38,48.11,48,0
33abfcd6-c2d8-4452-a35e-196147eb8aac,62,34,133.46,40,0
7ebe6110-64eb-4359-a59b-017579790aad,46,22,95.12,61,0
d9845a7e-5400-48d3-b2ec-154580991f03,33,44,194.24,46,0
d968d8cc-7eaf-4c5e-b3e2-35ba14a1037e,56,14,277.62,46,0
3cc6170f-2d73-4150-8a98-f4cfc5d395f5,22,28,87.23,61,0
8e49c3d4-68a0-42e7-af4d-9a670c0352d6,44,28,123.32,37,0
d4e2be62-a275-45d5-a321-18f259c6e1aa,19,11,282.94,18,1
c5cd5e3b-7fa1-4af6-bdd0-05e2376c7829,58,26,175.34,87,1
5f728764-d44f-4c5f-be41-df6622032c32,33,6,128.98,39,1
7429345c-f00a-4e11-954f-fdeec78e8e36,61,56,202.34,56,1
e6426822-2cd2-4628-98df-7aa95ed96b24,23,40,190.67,85,0
7c12c530-6162-4d64-be46-8a9928680f37,40,52,155.26,54,0
c17bde10-91b3-470c-af9a-bb19dd29ef84,47,36,32.03,73,0
d6960956-45ea-4d34-8cda-441bd7d328d0,25,41,197.88,55,1
4f0b0c15-154a-4ba2-ba5d-0593fe73f4dd,38,49,78.92,3,1
b888d464-5d43-4d21-af37-19b190c33df0,44,28,137.43,1,0
3826df9d-ddb4-4f75-a551-976c40b4a48f,52,12,25.1,66,0
14c2beed-c3e5-421d-9e76-56f3273d906b,25,7,79.77,11,0
c2c2b733-157f-4b62-83cb-0cfb9a087952,25,17,257.0,27,1
e2c4adc9-3b6e-4392-9e8d-c3848ee21f8d,24,38,23.91,48,0
cc29c00d-345e-4372-85d5-c59f5e4a3b8a,43,38,53.17,61,0
b9ffe13f-ecc9-4600-b1be-32067c8dddce,48,46,172.73,1,0
31d6901d-41c3-400b-8b36-46054db8cbc7,59,9,285.38,55,1
6c1e59a4-5ce6-4e5f-a000-96acf14bd5d0,60,9,196.42,23,0
de192d8a-9077-4c37-92e1-b14239a7d2f1,61,57,23.14,43,0
9f2d76b2-1c73-45e6-b7f7-146cbc411018,41,17,237.88,64,0
02a8990b-7435-41c1-875b-08b7f11688c3,40,15,43.14,31,0
2b78b8e4-24c1-46fa-8079-586fff51a3d9,52,33,191.33,56,0
43a45033-0693-4e7d-aaf1-ac742d060353,65,12,287.63,65,0
b3eb285c-03d5-4cf4-aca9-7d972f173b7e,64,8,282.71,29,0
984e8a46-b8aa-4ccd-addd-e2bb7c8db5bd,47,21,187.11,58,0
f624d917-d7ad-4e41-a430-6b574a0d4a34,23,21,142.5,10,0
ea3e8991-ea20-4f85-83ce-5e2ea4ab0117,30,56,182.26,29,0
03efd227-cdff-4b27-a71c-11fb9053672b,35,18,85.96,21,1
c5d81275-03ae-40e8-a30f-88662243c01b,41,40,93.57,8,0
4ad8b1e4-0199-4249-ba34-1e723efa874f,51,26,237.24,3,0
b81384d1-bf5f-4b8f-af79-87c2b2b6d177,47,42,204.11,9,0
d38420f6-2ce4-4053-962c-12ba4166edb8,59,35,206.65,44,1
8cf6a6f7-9813-4161-be85-2c27b5c9e684,21,36,134.23,26,0
8353939d-bceb-4749-86f5-def7a1f26e84,32,30,124.18,69,0
01afb36a-92ce-4c58-a38d-61227123287e,27,10,176.9,82,0
e1024937-10b8-459e-8ef5-0d1ca0343244,22,5,292.38,14,1
1bfe167a-903c-47ba-8468-07a1f08ec28f,33,5,138.6,55,0
22a1669a-0dd1-4530-a213-17b999919cfd,43,41,166.13,56,0
a5741e0f-196e-4006-8479-70b6f80db41b,58,47,133.41,51,0
df4fb186-50ce-4073-9243-d6666b6a3e8c,39,2,228.48,19,0
dbe02b31-6b96-421a-8397-5e9e0b1493e8,65,30,244.94,84,0
28718606-b464-4be8-b52b-16bbb1ba8130,40,41,37.09,70,0
a7769ec6-ec96-4024-9a25-b5b65ecf39b4,32,37,149.88,55,0
38ee0bcf-6e03-45a1-ac2a-b4c89ce518f0,23,40,232.3,44,0
ee45d08b-4204-48a1-9794-29cc1bfaa901,29,42,207.29,61,0
f8c97da1-c08e-4c04-9ee4-1b071385b1c2,63,52,68.17,25,0
f20251fb-9279-412e-a100-178a0078a8c6,23,32,197.13,3,0
596cb562-0284-4a4a-b1b8-087c8d96c9fe,23,56,20.23,15,0
f8511526-c8cd-4d08-8887-9c0106f21e48,53,39,227.74,75,0
e16d77a4-2360-40ee-8760-fea154a42b14,18,58,258.66,49,0
d8e470bf-e090-42d5-9d2f-9a39544b2c66,62,10,195.61,90,1
505fd3d9-e438-469a-87f1-dac8d900244f,22,3,69.81,61,0
3c6ccf50-4957-4592-991d-67d47c204eab,25,1,41.21,51,0
586a2d64-27ac-4cc6-94bf-040879fc26b4,40,34,78.16,21,0
312e33de-0587-43ef-8b0f-517c0456ecdf,62,35,121.9,21,0
b472ad9c-7021-4b25-840b-544940505cc6,24,14,233.32,33,0
59d57b12-1b8d-4643-834e-af18ac118ba9,25,47,92.77,21,1
57ca6b45-345e-4be4-a440-f361a02b09e6,33,39,163.63,63,0
c0c6321d-f519-457b-8747-39bb7a332401,54,15,231.65,27,1
e7c68f08-a413-4799-b060-d29d43e552cc,54,32,141.99,2,0
43855b97-fdbd-4e16-ac37-37e52f7730c1,24,3,152.74,52,0
ccfe7b18-fc2b-4980-a005-97c7f0b52724,46,1,150.84,16,0
1863752d-9743-4c2f-9273-bad64696b797,24,60,140.59,74,0
8dc64089-74a9-4b4c-a22c-5afee62ef8c2,31,26,124.43,49,1
c1b9adba-ed7a-4ec0-bba9-1b5c840e0d71,18,47,273.82,70,0
4aa8e888-efd7-438a-9585-ba064cc5162c,25,2,55.13,34,1
c0f452c8-7e76-4685-9bae-a878ee39e011,45,50,241.05,52,0
29184e43-a09b-4483-b28d-fb112a82d509,53,42,253.26,27,0
5a3528a2-8f53-4fff-a2c9-844d101e5bd0,52,46,116.8,58,0
9726474d-b999-4895-b4b1-2a44c5004a4f,62,29,57.71,78,0
219b4da3-b781-4e23-aedc-9f82df30fc0d,46,33,128.3,49,0
23231a22-86da-4ecf-b43e-d62d8c321141,41,35,207.69,16,0
21978af8-53c2-4011-8341-0bba88cc4474,64,53,124.44,18,0
9853eb6d-30c2-4bbd-80cf-91fcf876e031,25,1,194.06,51,0
1f810b5a-f261-4f86-9b7c-9fca009617ff,24,47,238.09,27,1
1879b64f-6210-481b-80ef-30e0924686ce,33,10,117.64,73,0
58db5569-785c-4716-b718-41d921f4aa91,42,9,290.79,24,0
160a7a29-1a72-4136-a006-b1ffd4161ee3,25,32,209.63,3,0
aa361f1f-e6a7-46d8-b4a8-6efa6bc8c08d,30,45,94.83,36,0
db8a47ee-a28a-4755-926c-b042e8c75c48,34,58,103.4,7,0
091ff688-d4f8-4d3f-9868-02e10aff696b,63,7,165.38,25,0
85e296f2-a57c-4352-b442-e43d139d1f7a,44,49,291.62,89,0
a1113868-0abc-4b0f-92b2-f60c0f7ec07a,42,41,107.16,53,0
6973f4e2-7844-42c5-9dc6-5eab6deef286,41,17,243.07,0,0
9012adca-3227-4fb8-a9f8-1ac025e52fbd,23,47,27.62,17,1
0df53265-a141-4fc4-9fa8-2a987535e70d,33,7,130.18,64,0
21122381-a880-42e4-be42-3d85237fabbe,46,15,249.08,52,0
2d427119-f43b-4ecf-b7dd-f1cdd74e789c,57,8,64.3,6,0
75e02722-8275-47c3-b9c0-93788599d8ee,51,22,174.59,77,1
4234c5a4-4055-4967-ada9-a320894d0ee6,67,9,116.76,74,0
d1678ed7-7315-41c7-ae26-48b26f4eca8f,68,60,24.17,40,0
4aba81f8-30ee-4014-95ad-9e0fa74b52f4,29,28,200.95,88,0
2c61649f-ad83-4ac2-a211-0dd96f5df69d,39,16,31.3,24,0
72dfff99-1a0a-4a9b-bad8-bee4b4aadcf0,24,37,173.32,65,0
9c763a98-1e34-483f-8cae-f54c958d9a0e,67,36,107.68,65,0
67e49f76-8244-4c92-81df-5aa7a28ed2d4,27,34,223.75,45,0
d388e587-d9fa-417a-ba44-d8c0e2bcd694,65,38,227.84,26,0
da6fd602-8de7-4df8-bd5f-da1295af7f5d,26,54,226.07,36,0
3c96aebf-640d-40fa-b6e0-5cc2688b808f,59,26,178.45,21,0
c200fd55-a52c-493b-9152-00b4aaaa53e4,62,43,196.51,19,0
a87019bc-82f9-4ed7-9f4f-dcb21875d3c8,57,39,104.1,79,0
0b8c0753-c5c0-46e6-9646-4acc9cfabf5f,49,6,225.12,46,1
760dae24-cfae-4b91-8883-63975f2ab07d,35,21,173.83,50,0
265121e7-d96d-4ad4-9281-b2c3f4967b05,35,57,63.06,24,1
0bbb1969-e247-4984-a324-dda0a67d1816,20,42,258.01,8,0
466c78fd-0496-45ab-9edf-710c0b9dff80,64,13,33.01,31,0
85c48cf6-f4db-4feb-8e91-b9e21a36d226,44,15,264.48,1,0
6bd945ce-eb62-455e-a860-4f551dde42c1,69,2,50.74,38,0
506c6c88-d6ac-42c3-9c32-d55f28c5d5f5,30,27,212.45,86,0
bed24635-73cf-4c83-a9b5-e9690d995dca,64,42,190.71,23,0
640f466d-24b4-46ad-a9de-dc022330edcb,47,56,196.38,44,0
36324c27-468c-468d-a4d1-6837f2f69639,32,34,281.16,89,0
d079a5ef-555e-463e-a014-ab653ca93c0c,23,20,268.67,2,0
16c99ff4-914c-4e3c-93e3-99b8feaa76cd,69,27,135.54,68,0
e780511b-60e9-4f7a-9ef2-ee78a5072bf5,28,44,164.4,49,0
f8a1e1e7-8b55-4706-947e-ab429cba560a,21,11,261.96,27,0
6d99e9ed-1f7f-4881-8ecf-7326d043bb2b,65,17,287.96,37,0
ad250901-4b42-4796-a8aa-1117f61e9d67,44,54,105.54,35,0
dd696480-1b66-45aa-83c4-85431fa585ea,44,44,37.35,67,0
d6262196-d2ec-4fbc-b624-6d713ea82d82,25,4,70.79,63,0
6cdd5164-a2ba-4120-aaed-e7d7b8b148af,46,45,292.38,88,0
e317d2e2-8a8a-4936-b026-5863a78bba6d,20,3,50.09,26,0
4911d86e-2873-4fb4-a3d3-397f8208487a,37,23,21.0,51,1
d5043665-1a37-4461-823e-f07e8433615f,45,45,122.87,45,0
25163baf-c59a-42a8-98ef-abb7afe04fe9,38,38,237.68,83,0
d641925a-389c-4413-9331-c943bca5f434,46,28,77.8,82,0
1c80be2e-efc2-4c5d-b798-f1f009dbfff4,29,9,149.55,57,1
69793e35-ebe4-4f2a-a164-ef8beab68ba6,44,21,275.67,55,1
32f05908-91cb-43e1-9c9e-71d57a95827b,46,57,245.32,82,0
148d7dd8-7c44-4554-a68d-7435c85272cc,56,8,40.26,25,0
f0b41612-7c88-409a-9991-a3f980998ddf,44,48,112.19,61,0
e6f624aa-80a3-4d55-8049-a8ac5cf00ef7,70,55,100.47,58,0
1ace63f8-11b7-475e-b3bf-66ff98c58711,68,51,32.97,79,1
1c10ffe4-c541-4d54-89f5-c7ea53cca5b3,50,37,141.62,18,1
0616be1d-6457-437d-ad6a-af2e984171fb,43,15,209.73,25,1
bc627276-053d-4c54-be45-24bab62f1a3b,67,21,113.03,54,0
51e6eefe-25bf-45b4-be29-4c15768814eb,49,3,83.34,76,0
6b6b45af-0b65-4b0a-a9d7-6d051cd04545,56,52,238.02,63,0
0c3538c4-f7c0-437a-8f9c-faa1be31d461,50,11,285.32,1,0
9e58ae30-be80-4741-91f5-4a86c67f0608,50,49,196.21,85,0
4c9446ca-a88a-45fd-ae8a-bb769798a785,44,43,89.11,25,0
5f1be00e-f2a2-4112-9653-e4bb7bffb5b4,55,34,280.14,48,0
28975706-28e0-48e7-84b6-77cefd34fc10,23,49,117.28,17,0
66d86eb9-7316-485a-bd86-e1381abb5123,39,18,132.26,50,0
6414ecb0-d314-4226-9475-0df39f3545b5,47,57,287.33,64,0
f854e755-dcaa-41e4-b824-7dda9a7d520a,27,11,154.92,89,0
9b1bc1a4-a6b2-4db5-9bf0-732f4849346a,61,56,112.48,59,0
7f074d9f-3caa-4dbf-bba4-eb3ab4960f23,31,34,32.07,4,0
f7048e27-68ff-48a2-9cd3-5e8b2ef8f2fe,36,58,79.87,16,0
2cb862df-12af-41d3-ae82-21a71ff4661e,50,53,194.93,24,0
9bc2da6d-b6b7-4b9d-a567-26328282f5a9,52,21,163.26,1,0
89d12ed1-1041-4e43-8f04-44cb5bbd6041,20,18,291.4,57,0
e2a9403a-5461-4058-afb5-188ea141deb6,28,39,193.82,74,0
01595d29-18e4-40de-9300-677e36778fed,29,51,221.89,88,0
fcf0adb3-97c3-44f6-85dd-23f019a46511,62,45,172.18,0,0
0802812a-c75c-44a7-a091-a933aa53e634,44,42,201.68,37,0
76af8e07-569f-495f-970c-1b17c38ea09e,46,1,285.97,2,0
af90d815-2d84-4f65-9a64-3fff52473272,34,16,27.02,29,1
b4fd556b-23a1-4904-8454-532557238f6e,34,11,224.62,11,0
7a0b1722-17c9-4237-93d0-040ed7b38545,42,36,181.14,59,0
83507a8b-2394-44cf-a59b-d6675596f580,24,35,145.88,57,1
a9420ad0-9c92-49f0-91ec-7fb9f2300e28,45,53,129.05,12,0
4054032c-e022-47c9-a0cf-3d0d18d71531,44,7,190.19,8,0
b5d2286b-82fe-4ac8-8eed-5ec16d7dcbcf,50,13,292.5,23,0
7581eb0d-892c-4211-84de-0080ed45829e,70,20,41.55,2,0
0a04fbb5-27cc-488a-8134-9314c92c7426,41,30,159.88,50,0
42b55078-7dd3-4e76-aca4-ce1c8b331ad4,27,52,25.33,30,0
90dcd55b-0ee1-4478-9667-726bd2ab7ea1,57,22,231.41,8,0
9ad0f381-0904-45a2-bd2b-c7738d391140,54,28,165.58,62,0
0901592b-25a0-4b6c-85c4-41b500acadd1,43,33,95.36,2,0
5358ee54-722b-4bc6-b757-c481294165e5,38,56,275.13,73,0
02e3c0c1-95c5-4a2a-b1db-712f2fb7cd5d,20,37,237.31,2,0
edbbf55d-b9e0-4783-ae78-d2b0afda7286,46,51,106.75,42,0
af43417c-de66-4c83-85e7-7b1468dc14f4,26,4,283.75,78,0
ff876266-78b5-452a-94bb-dcfda486bc61,18,14,200.68,80,1
2765857b-906c-4674-8cb3-4da2b499501c,61,12,33.34,70,1
abbd7663-9ee7-427f-bbcd-4a927e8476e0,47,40,287.67,77,0
cd597519-1a9a-4c21-a81f-e9a55d488f0f,63,11,192.1,44,0
8b6fdebe-f636-460e-9fe2-8289ca46bd9f,32,16,288.41,47,0
232ab856-101d-45fe-8b1c-f46678ba89bb,48,36,95.88,65,0
740e0dc0-b303-49c7-82bb-3af1154ca50d,68,42,153.59,83,0
e06f5a58-6ade-4adb-850e-a7d8a32445e1,38,15,255.5,26,0
603f29d2-49b3-49a9-9602-c93b0561e6f9,44,13,79.31,75,1
ef4d6e5d-c3fa-459e-84a3-c6a9f58e1d22,22,36,81.31,62,0
2a6ece7d-75c5-485b-8f4c-e388e5621798,43,8,29.85,48,0
34cf4786-5d6f-428f-bef9-45b37de17435,49,37,20.64,1,0
d0b8bf67-a194-45fd-81f0-d95c471e875f,53,44,33.07,69,0
07c45508-e6b4-4910-9b98-ec6b410c374f,35,41,221.01,83,0
95989b3a-8c55-4c67-9e8c-3d6598e5bb8d,21,32,234.49,66,1
e1981ebd-28df-4698-b6bb-e32d57b7d0d8,70,6,118.78,16,0
83494a5d-0be8-4693-8dc4-e3c06a9ee6d9,45,58,33.11,8,1
01e3619e-fecd-4019-a488-3adbce3230e8,40,45,146.95,25,0
98d12338-8eab-428f-be2e-0e0a0d8af29d,31,30,98.7,11,0
9b6f70ef-e37f-4c88-97f1-b64c09b7b32c,30,11,260.3,13,1
25de2078-3202-4995-9f47-586c58c3a194,27,53,227.96,24,1
1953c55c-3e2f-4228-ba90-a747907019a1,36,38,259.42,44,0
d13d604a-dd82-4062-ae33-c79bcff8eef8,48,50,291.47,7,0
b4dce5f6-8ec2-44d2-9f3b-ca60bb2eaaee,25,22,153.45,54,0
146409e0-b054-4490-a053-706ec3a3b0d1,25,39,120.83,9,0
318951d0-df5d-450e-8c4b-fe9d857140de,63,47,184.56,2,0
41101524-be8c-49a1-aaa1-376eb15ecc5a,69,49,182.12,13,0
20c0c980-9693-4051-b580-8c50a6efe7c3,65,54,298.69,63,0
3bcb8c4e-759b-4e5b-a5ba-a9787cd63b83,31,38,283.53,74,0
62c79d04-cd99-49d8-8c0d-f7e687605282,69,8,79.74,10,1
4fbdd8f1-7e61-44df-9d0d-5bc249d2d5fe,46,20,47.96,74,1
005ea04e-bccd-46ea-be18-0c8065dabe7c,66,16,119.94,11,0
97cc0d74-15a3-4e5a-9f66-f6d01064516e,63,11,117.87,15,0
41dd06c8-0d24-4db3-afa4-3713cda88c9b,33,30,266.9,50,0
98dddc74-d98f-4a23-a794-f4dc2af6a9be,39,16,94.63,53,0
bb017f9c-fe5b-4739-9331-27131cac1052,21,34,72.67,72,0
5c7db3c7-19fe-44c3-b641-16f99072abbd,31,2,280.12,11,0
675a0c60-2251-4a5b-a26d-b602628f0d08,64,49,60.67,12,0
1cbdabed-b83c-471f-a535-c124e0fc960d,68,14,184.81,88,1
4b627d74-40b5-411a-a1d3-1e7c389db4c2,26,10,29.9,5,0
33d41a09-67e5-4757-8907-7f1b2605bc52,37,37,116.65,49,0
3d8f6744-bb0d-44e2-81a8-46c1ad773f6f,42,35,123.6,33,0
0ad60f94-9d01-4392-a18c-8613fa79b010,64,54,72.49,50,0
189f6b1a-5b73-4419-a4de-43916dca6210,45,8,254.2,1,0
eff7ed54-8ff6-47a7-adec-0490023794ea,49,53,260.99,28,0
97232aa8-b613-4341-8827-0f7b704bc01f,26,40,191.62,21,0
b932704d-ee19-4573-939e-41df1dd3681c,56,49,255.13,60,0
26f83295-7138-4afb-9fa7-43054467aedd,34,26,144.63,77,0
807feada-01d4-4032-b761-bc2da2b21d35,19,44,165.53,6,0
8accc7da-baaf-4875-82a2-ebf16a39bdab,45,34,28.32,71,0
